{"commitInfo":{"timestamp":1770206583994,"userId":"6454867400708642","userName":"sonalholankar@gmail.com","operation":"WRITE","operationParameters":{"mode":"Overwrite","statsOnLoad":false,"partitionBy":"[]"},"notebook":{"notebookId":"1379874412109120"},"clusterId":"0204-114931-8m4f8xzw-v2n","isolationLevel":"WriteSerializable","isBlindAppend":false,"operationMetrics":{"numFiles":"8","numRemovedFiles":"0","numRemovedBytes":"0","numDeletionVectorsRemoved":"0","numOutputRows":"10000","numOutputBytes":"1285857"},"tags":{"noRowsCopied":"true","restoresDeletedRows":"false"},"engineInfo":"Databricks-Runtime/17.3.x-aarch64-photon-scala2.13","txnId":"922da3bc-3993-4ef8-bbdc-15bf326fa7ed"}}
{"metaData":{"id":"22f0181c-39cf-49d8-9d7e-f9c2fa69f1f6","format":{"provider":"parquet","options":{}},"schemaString":"{\"type\":\"struct\",\"fields\":[{\"name\":\"account_number\",\"type\":\"string\",\"nullable\":true,\"metadata\":{}},{\"name\":\"amount\",\"type\":\"double\",\"nullable\":true,\"metadata\":{}},{\"name\":\"country\",\"type\":\"string\",\"nullable\":true,\"metadata\":{}},{\"name\":\"currency\",\"type\":\"string\",\"nullable\":true,\"metadata\":{}},{\"name\":\"customer_id\",\"type\":\"string\",\"nullable\":true,\"metadata\":{}},{\"name\":\"customer_name\",\"type\":\"string\",\"nullable\":true,\"metadata\":{}},{\"name\":\"is_fraud\",\"type\":\"long\",\"nullable\":true,\"metadata\":{}},{\"name\":\"merchant\",\"type\":\"string\",\"nullable\":true,\"metadata\":{}},{\"name\":\"transaction_date\",\"type\":\"date\",\"nullable\":true,\"metadata\":{}},{\"name\":\"transaction_id\",\"type\":\"string\",\"nullable\":true,\"metadata\":{}},{\"name\":\"transaction_type\",\"type\":\"string\",\"nullable\":true,\"metadata\":{}}]}","partitionColumns":[],"configuration":{"delta.enableDeletionVectors":"true"},"createdTime":1770206579900}}
{"protocol":{"minReaderVersion":3,"minWriterVersion":7,"readerFeatures":["deletionVectors"],"writerFeatures":["deletionVectors","appendOnly","invariants"]}}
{"add":{"path":"part-00000-8c406317-114d-437e-bbf7-201f7811eee3.c000.snappy.parquet","partitionValues":{},"size":160942,"modificationTime":1770206584000,"dataChange":true,"stats":"{\"numRecords\":1250,\"minValues\":{\"account_number\":\"GB02EWWF70968465962687\",\"amount\":11.77,\"country\":\"Afghanistan\",\"currency\":\"EUR\",\"customer_id\":\"0010b1c7-a382-41b4-b57b-6a94bbbb\",\"customer_name\":\"Aaron Knapp\",\"is_fraud\":0,\"merchant\":\"Adams Inc\",\"transaction_date\":\"2024-02-04\",\"transaction_id\":\"000b36fc-b6c0-4c86-9960-584a27d7\",\"transaction_type\":\"CREDIT\"},\"maxValues\":{\"account_number\":\"GB98ZLKL56502561754011\",\"amount\":4998.14,\"country\":\"Zimbabwe\",\"currency\":\"USD\",\"customer_id\":\"ffd9661c-5c91-44eb-9224-f480b258\",\"customer_name\":\"Zachary Valentine\",\"is_fraud\":1,\"merchant\":\"Zimmerman, Burgess and Bell\",\"transaction_date\":\"2026-02-03\",\"transaction_id\":\"ff8b146e-10f7-44da-9dd1-b8b1c2f5\",\"transaction_type\":\"DEBIT\"},\"nullCount\":{\"account_number\":0,\"amount\":0,\"country\":0,\"currency\":0,\"customer_id\":0,\"customer_name\":0,\"is_fraud\":0,\"merchant\":0,\"transaction_date\":0,\"transaction_id\":0,\"transaction_type\":0},\"tightBounds\":true}","tags":{"INSERTION_TIME":"1770206584000000","MIN_INSERTION_TIME":"1770206584000000","MAX_INSERTION_TIME":"1770206584000000","OPTIMIZE_TARGET_SIZE":"268435456"}}}
{"add":{"path":"part-00001-5c59b714-892f-4a1c-aa62-b53b0cbd2f2d.c000.snappy.parquet","partitionValues":{},"size":160377,"modificationTime":1770206584000,"dataChange":true,"stats":"{\"numRecords\":1250,\"minValues\":{\"account_number\":\"GB02ARJM02822368873477\",\"amount\":5.67,\"country\":\"Afghanistan\",\"currency\":\"EUR\",\"customer_id\":\"006b2dcb-ed8f-4ecb-920e-099e30b2\",\"customer_name\":\"Aaron Brown\",\"is_fraud\":0,\"merchant\":\"Acevedo, Newton and Nicholson\",\"transaction_date\":\"2024-02-04\",\"transaction_id\":\"007bfd70-f229-49f3-ba31-9df4e689\",\"transaction_type\":\"CREDIT\"},\"maxValues\":{\"account_number\":\"GB98WNZU19552034234979\",\"amount\":4989.64,\"country\":\"Zimbabwe\",\"currency\":\"USD\",\"customer_id\":\"fff67d05-8c4f-41dc-8c82-c7daa30e\",\"customer_name\":\"Zachary Williams\",\"is_fraud\":1,\"merchant\":\"Zhang and Sons\",\"transaction_date\":\"2026-02-03\",\"transaction_id\":\"ffe123b3-1340-4db1-b19d-00372df8\",\"transaction_type\":\"DEBIT\"},\"nullCount\":{\"account_number\":0,\"amount\":0,\"country\":0,\"currency\":0,\"customer_id\":0,\"customer_name\":0,\"is_fraud\":0,\"merchant\":0,\"transaction_date\":0,\"transaction_id\":0,\"transaction_type\":0},\"tightBounds\":true}","tags":{"INSERTION_TIME":"1770206584000001","MIN_INSERTION_TIME":"1770206584000001","MAX_INSERTION_TIME":"1770206584000001","OPTIMIZE_TARGET_SIZE":"268435456"}}}
{"add":{"path":"part-00002-86cb2709-9ad3-4420-bc88-d9de76f1296b.c000.snappy.parquet","partitionValues":{},"size":160267,"modificationTime":1770206584000,"dataChange":true,"stats":"{\"numRecords\":1250,\"minValues\":{\"account_number\":\"GB02AHBD20037579540801\",\"amount\":5.07,\"country\":\"Afghanistan\",\"currency\":\"EUR\",\"customer_id\":\"00092bf6-2080-4322-b373-b20b7630\",\"customer_name\":\"Aaron Boyd\",\"is_fraud\":0,\"merchant\":\"Acevedo-Joyce\",\"transaction_date\":\"2024-02-05\",\"transaction_id\":\"0015b963-2e72-4639-b4ea-89843c91\",\"transaction_type\":\"CREDIT\"},\"maxValues\":{\"account_number\":\"GB98ZMQS01675894525037\",\"amount\":4999.89,\"country\":\"Zimbabwe\",\"currency\":\"USD\",\"customer_id\":\"ffe20615-b9f4-4893-ab52-7b1a601a\",\"customer_name\":\"Zachary Brown\",\"is_fraud\":1,\"merchant\":\"Young-Vang\",\"transaction_date\":\"2026-02-03\",\"transaction_id\":\"ffcf754b-2309-4226-8f2f-f9c5beac\",\"transaction_type\":\"DEBIT\"},\"nullCount\":{\"account_number\":0,\"amount\":0,\"country\":0,\"currency\":0,\"customer_id\":0,\"customer_name\":0,\"is_fraud\":0,\"merchant\":0,\"transaction_date\":0,\"transaction_id\":0,\"transaction_type\":0},\"tightBounds\":true}","tags":{"INSERTION_TIME":"1770206584000002","MIN_INSERTION_TIME":"1770206584000002","MAX_INSERTION_TIME":"1770206584000002","OPTIMIZE_TARGET_SIZE":"268435456"}}}
{"add":{"path":"part-00003-87187aa0-a048-4338-84cb-d13d43ac4e82.c000.snappy.parquet","partitionValues":{},"size":161027,"modificationTime":1770206584000,"dataChange":true,"stats":"{\"numRecords\":1250,\"minValues\":{\"account_number\":\"GB02BWAI39543625391172\",\"amount\":5.91,\"country\":\"Afghanistan\",\"currency\":\"EUR\",\"customer_id\":\"0022201d-26f2-4a31-8d09-af5a57c1\",\"customer_name\":\"Aaron Garner\",\"is_fraud\":0,\"merchant\":\"Adams Group\",\"transaction_date\":\"2024-02-04\",\"transaction_id\":\"0021cc7c-1cdb-4ba4-b18a-1d06dce7\",\"transaction_type\":\"CREDIT\"},\"maxValues\":{\"account_number\":\"GB98WSUQ66807769153169\",\"amount\":4972.38,\"country\":\"Zimbabwe\",\"currency\":\"USD\",\"customer_id\":\"ffd6a01d-4f83-4481-b9d9-f4fc3dc0\",\"customer_name\":\"Zachary Sullivan\",\"is_fraud\":1,\"merchant\":\"Yu-Nichols\",\"transaction_date\":\"2026-02-03\",\"transaction_id\":\"ff8da3f4-4e3e-46e8-955f-2fed6f5a\",\"transaction_type\":\"DEBIT\"},\"nullCount\":{\"account_number\":0,\"amount\":0,\"country\":0,\"currency\":0,\"customer_id\":0,\"customer_name\":0,\"is_fraud\":0,\"merchant\":0,\"transaction_date\":0,\"transaction_id\":0,\"transaction_type\":0},\"tightBounds\":true}","tags":{"INSERTION_TIME":"1770206584000003","MIN_INSERTION_TIME":"1770206584000003","MAX_INSERTION_TIME":"1770206584000003","OPTIMIZE_TARGET_SIZE":"268435456"}}}
{"add":{"path":"part-00004-2e09a080-be5a-4207-8d10-bf5486d2d850.c000.snappy.parquet","partitionValues":{},"size":160892,"modificationTime":1770206584000,"dataChange":true,"stats":"{\"numRecords\":1250,\"minValues\":{\"account_number\":\"GB02BHHK36776131933264\",\"amount\":18.56,\"country\":\"Afghanistan\",\"currency\":\"EUR\",\"customer_id\":\"0012e3fa-0963-4aa3-b85f-d090d8cc\",\"customer_name\":\"Aaron Brown\",\"is_fraud\":0,\"merchant\":\"Abbott Inc\",\"transaction_date\":\"2024-02-04\",\"transaction_id\":\"002d5e25-b338-403f-87c9-58d8c13a\",\"transaction_type\":\"CREDIT\"},\"maxValues\":{\"account_number\":\"GB98XEOA48666069930160\",\"amount\":4996.86,\"country\":\"Zimbabwe\",\"currency\":\"USD\",\"customer_id\":\"ffc24ea3-cc02-4b6c-b109-b13085a7\",\"customer_name\":\"Zachary Parsons\",\"is_fraud\":1,\"merchant\":\"Zimmerman-Lee\",\"transaction_date\":\"2026-02-03\",\"transaction_id\":\"fff069ef-03ae-4d70-9372-106f8e3b\",\"transaction_type\":\"DEBIT\"},\"nullCount\":{\"account_number\":0,\"amount\":0,\"country\":0,\"currency\":0,\"customer_id\":0,\"customer_name\":0,\"is_fraud\":0,\"merchant\":0,\"transaction_date\":0,\"transaction_id\":0,\"transaction_type\":0},\"tightBounds\":true}","tags":{"INSERTION_TIME":"1770206584000004","MIN_INSERTION_TIME":"1770206584000004","MAX_INSERTION_TIME":"1770206584000004","OPTIMIZE_TARGET_SIZE":"268435456"}}}
{"add":{"path":"part-00005-42a1d4c0-de35-49b3-8763-b98e930cff75.c000.snappy.parquet","partitionValues":{},"size":160954,"modificationTime":1770206584000,"dataChange":true,"stats":"{\"numRecords\":1250,\"minValues\":{\"account_number\":\"GB02ANIK67149627106760\",\"amount\":10.11,\"country\":\"Afghanistan\",\"currency\":\"EUR\",\"customer_id\":\"00e1a0e0-ec94-4b5e-b9e0-470936c9\",\"customer_name\":\"Aaron Ellison\",\"is_fraud\":0,\"merchant\":\"Adams LLC\",\"transaction_date\":\"2024-02-06\",\"transaction_id\":\"0027987d-5281-4b96-bae8-2c8374b9\",\"transaction_type\":\"CREDIT\"},\"maxValues\":{\"account_number\":\"GB98ZERO08181110541106\",\"amount\":4995.3,\"country\":\"Zimbabwe\",\"currency\":\"USD\",\"customer_id\":\"ff685fda-8557-4a2a-8775-ff8476a3\",\"customer_name\":\"Zachary Zimmerman\",\"is_fraud\":1,\"merchant\":\"Zimmerman-White\",\"transaction_date\":\"2026-02-03\",\"transaction_id\":\"ffdf4ccf-42e7-40be-b10c-dfca5d41\",\"transaction_type\":\"DEBIT\"},\"nullCount\":{\"account_number\":0,\"amount\":0,\"country\":0,\"currency\":0,\"customer_id\":0,\"customer_name\":0,\"is_fraud\":0,\"merchant\":0,\"transaction_date\":0,\"transaction_id\":0,\"transaction_type\":0},\"tightBounds\":true}","tags":{"INSERTION_TIME":"1770206584000005","MIN_INSERTION_TIME":"1770206584000005","MAX_INSERTION_TIME":"1770206584000005","OPTIMIZE_TARGET_SIZE":"268435456"}}}
{"add":{"path":"part-00006-3ee6a2de-c8cd-4194-92e9-15ca1118feec.c000.snappy.parquet","partitionValues":{},"size":160581,"modificationTime":1770206584000,"dataChange":true,"stats":"{\"numRecords\":1250,\"minValues\":{\"account_number\":\"GB02DBRX98273135437278\",\"amount\":7.81,\"country\":\"Afghanistan\",\"currency\":\"EUR\",\"customer_id\":\"0012c6d4-43b4-4b91-b951-30b100fb\",\"customer_name\":\"Aaron Brown\",\"is_fraud\":0,\"merchant\":\"Acosta-Chapman\",\"transaction_date\":\"2024-02-04\",\"transaction_id\":\"001e8e34-324f-45b7-ae96-de8949aa\",\"transaction_type\":\"CREDIT\"},\"maxValues\":{\"account_number\":\"GB98ZFSO40247151465194\",\"amount\":4999.83,\"country\":\"Zimbabwe\",\"currency\":\"USD\",\"customer_id\":\"fff535ae-374a-4135-9379-92d79666\",\"customer_name\":\"Zachary Smith\",\"is_fraud\":1,\"merchant\":\"Zimmerman-Martinez\",\"transaction_date\":\"2026-02-03\",\"transaction_id\":\"ffa7d484-bcea-4d10-8403-692662a6\",\"transaction_type\":\"DEBIT\"},\"nullCount\":{\"account_number\":0,\"amount\":0,\"country\":0,\"currency\":0,\"customer_id\":0,\"customer_name\":0,\"is_fraud\":0,\"merchant\":0,\"transaction_date\":0,\"transaction_id\":0,\"transaction_type\":0},\"tightBounds\":true}","tags":{"INSERTION_TIME":"1770206584000006","MIN_INSERTION_TIME":"1770206584000006","MAX_INSERTION_TIME":"1770206584000006","OPTIMIZE_TARGET_SIZE":"268435456"}}}
{"add":{"path":"part-00007-4a20bb5d-97b5-4f24-b218-900f977a7a58.c000.snappy.parquet","partitionValues":{},"size":160817,"modificationTime":1770206584000,"dataChange":true,"stats":"{\"numRecords\":1250,\"minValues\":{\"account_number\":\"GB02AVFH17853181253460\",\"amount\":17.68,\"country\":\"Afghanistan\",\"currency\":\"EUR\",\"customer_id\":\"001c2d36-c60a-403d-991b-2f424802\",\"customer_name\":\"Aaron Edwards\",\"is_fraud\":0,\"merchant\":\"Abbott, Bailey and Johnson\",\"transaction_date\":\"2024-02-04\",\"transaction_id\":\"007891ea-c5d7-4bee-bbce-958cd336\",\"transaction_type\":\"CREDIT\"},\"maxValues\":{\"account_number\":\"GB98VQLK35185417244989\",\"amount\":4998.45,\"country\":\"Zimbabwe\",\"currency\":\"USD\",\"customer_id\":\"fff77298-48ee-4101-97eb-58f75362\",\"customer_name\":\"Zachary Williams\",\"is_fraud\":1,\"merchant\":\"Zuniga-Reid\",\"transaction_date\":\"2026-02-03\",\"transaction_id\":\"ffa76aef-71b9-4ebd-bed4-23a206e3\",\"transaction_type\":\"DEBIT\"},\"nullCount\":{\"account_number\":0,\"amount\":0,\"country\":0,\"currency\":0,\"customer_id\":0,\"customer_name\":0,\"is_fraud\":0,\"merchant\":0,\"transaction_date\":0,\"transaction_id\":0,\"transaction_type\":0},\"tightBounds\":true}","tags":{"INSERTION_TIME":"1770206584000007","MIN_INSERTION_TIME":"1770206584000007","MAX_INSERTION_TIME":"1770206584000007","OPTIMIZE_TARGET_SIZE":"268435456"}}}
